<?xml version="1.0" encoding="UTF-8" standalone="yes"?>
<metadataSupplement>
    <tables>
        <table dataLocale="en_US" dataSources="ds7" resourceIdentifier="'cas-shared-default','CASUSER','ASSESSMENT1DATA','en_US'" tableModifiedTimeStamp="2024-09-07T23:03:11.324Z">
            <columns>
                <column dataType="double" format="BEST8." label="fcdealbank" xref="fcdealbank"/>
                <column dataType="double" format="BEST8." label="fcbalspend" xref="fcbalspend"/>
                <column dataType="double" format="BEST8." label="fcconffd" xref="fcconffd"/>
                <column dataType="double" format="BEST8." label="fcgooddfm" xref="fcgooddfm"/>
                <column dataType="double" format="BEST8." label="fcemergsav" xref="fcemergsav"/>
                <column dataType="double" format="BEST8." label="fcfingoal" xref="fcfingoal"/>
                <column dataType="double" format="BEST8." label="fcorganmm" xref="fcorganmm"/>
                <column dataType="double" format="BEST8." label="fcfincontract" xref="fcfincontract"/>
                <column dataType="double" format="BEST8." label="fcfinwatch" xref="fcfinwatch"/>
                <column dataType="double" format="BEST8." label="fincapscore" xref="fincapscore"/>
                <column dataType="double" format="BEST8." label="fincapscoresum" xref="fincapscoresum"/>
                <column dataType="double" format="BEST8." label="finbillnpaid" xref="finbillnpaid"/>
                <column dataType="double" format="BEST8." label="finaskhelp" xref="finaskhelp"/>
                <column dataType="double" format="BEST8." label="finrentmornpaid" xref="finrentmornpaid"/>
                <column dataType="double" format="BEST8." label="finsoldpawn" xref="finsoldpawn"/>
                <column dataType="double" format="BEST8." label="finnoheat" xref="finnoheat"/>
                <column dataType="double" format="BEST8." label="finwwithoutfood" xref="finwwithoutfood"/>
                <column dataType="double" format="BEST8." label="finwelfarehelp" xref="finwelfarehelp"/>
                <column dataType="double" format="BEST8." label="fhardship" xref="fhardship"/>
                <column dataType="double" format="BEST8." label="gamborrowed" xref="gamborrowed"/>
                <column dataType="double" format="BEST8." label="gamcriticize" xref="gamcriticize"/>
                <column dataType="double" format="BEST8." label="gamfindif" xref="gamfindif"/>
                <column dataType="double" format="BEST8." label="gamguilt" xref="gamguilt"/>
                <column dataType="double" format="BEST8." label="gamhealthprob" xref="gamhealthprob"/>
                <column dataType="double" format="BEST8." label="gamnotafford" xref="gamnotafford"/>
                <column dataType="double" format="BEST8." label="age" xref="age"/>
                <column dataType="double" format="BEST8." label="employed" xref="employed"/>
                <column dataType="double" format="BEST8." label="incomepos" xref="incomepos"/>
                <column dataType="double" format="BEST8." label="married" xref="married"/>
                <column dataType="double" format="BEST8." label="highestedu" xref="highestedu"/>
                <column dataType="double" format="BEST8." label="ownhome" xref="ownhome"/>
                <column dataType="double" format="BEST8." label="leastfincap" xref="leastfincap"/>
                <column dataType="double" format="BEST8." label="gaharm" xref="gaharm"/>
            </columns>
        </table>
        <table dataLocale="en_US" dataSources="ds2001" resourceIdentifier="GeneratedResource-ge1918" tableModifiedTimeStamp="2024-09-07T23:03:11.324Z">
            <columns>
                <column dataType="double" format="COMMA20." label="Cluster ID" xref="_CLUSTER_ID_"/>
            </columns>
        </table>
        <table dataLocale="en_US" dataSources="ds2326" resourceIdentifier="GeneratedResource-ge2225" tableModifiedTimeStamp="2024-09-07T23:03:11.324Z">
            <columns>
                <column dataType="double" format="COMMA20." label="Cluster ID" xref="_CLUSTER_ID_"/>
            </columns>
        </table>
        <table dataLocale="en_US" dataSources="ds2568" resourceIdentifier="GeneratedResource-ge2485" tableModifiedTimeStamp="2024-09-07T23:03:11.324Z">
            <columns>
                <column dataType="double" format="COMMA20." label="Cluster ID" xref="_CLUSTER_ID_"/>
            </columns>
        </table>
        <table dataLocale="en_US" dataSources="ds3801" resourceIdentifier="GeneratedResource-ge3721" tableModifiedTimeStamp="2024-09-07T23:03:11.324Z">
            <columns>
                <column dataType="double" format="COMMA20." label="Cluster ID" xref="_CLUSTER_ID_"/>
            </columns>
        </table>
        <table dataLocale="en_US" dataSources="ds4406" resourceIdentifier="GeneratedResource-ge4310" tableModifiedTimeStamp="2024-09-07T23:03:11.324Z">
            <columns>
                <column dataType="double" format="COMMA20." label="Cluster ID" xref="_CLUSTER_ID_"/>
            </columns>
        </table>
        <table dataLocale="en_US" dataSources="ds15206" resourceIdentifier="GeneratedResource-ge15195" tableModifiedTimeStamp="2024-09-07T23:03:11.324Z">
            <columns>
                <column dataType="double" format="COMMA20." label="Cluster ID" xref="_CLUSTER_ID_"/>
            </columns>
        </table>
        <table dataLocale="en_US" dataSources="ds15517" resourceIdentifier="GeneratedResource-ge15506" tableModifiedTimeStamp="2024-09-07T23:03:11.324Z">
            <columns>
                <column dataType="double" format="COMMA20." label="Cluster ID" xref="_CLUSTER_ID_"/>
            </columns>
        </table>
        <table dataLocale="en_US" dataSources="ds15900" resourceIdentifier="GeneratedResource-ge15889" tableModifiedTimeStamp="2024-09-07T23:03:11.324Z">
            <columns>
                <column dataType="double" format="COMMA20." label="Cluster ID" xref="_CLUSTER_ID_"/>
            </columns>
        </table>
        <table dataLocale="en_US" dataSources="ds17439" resourceIdentifier="GeneratedResource-ge16852" tableModifiedTimeStamp="2024-09-07T23:03:11.324Z">
            <columns>
                <column dataType="double" format="BEST8." label="Predicted Value" xref="_PREDLIN_"/>
                <column dataType="double" format="BEST." label="Residual" xref="_RESID_"/>
                <column dataType="double" format="BEST." label="Studentized Residual" xref="_STUDENT_"/>
                <column dataType="double" format="BEST." label="Studentized Deleted Residual" xref="_RSTUDENT_"/>
                <column dataType="double" format="BEST." label="Leverage" xref="_LEVERAGE_"/>
                <column dataType="double" format="BEST." label="PRESS" xref="_PRESS_"/>
                <column dataType="double" format="BEST." label="Cook's D" xref="_COOKD_"/>
                <column dataType="double" format="BEST." label="DFFITS" xref="_DFFITS_"/>
                <column dataType="double" format="BEST." label="Covariance Ratio" xref="_COVRATIO_"/>
                <column dataType="double" format="BEST." label="Likelihood Displacement" xref="_LIKEDIST_"/>
                <column dataType="double" format="COMMA20." label="Model Fit Role column" xref="_FITROLE_"/>
            </columns>
        </table>
        <table dataLocale="en_US" dataSources="ds17775" resourceIdentifier="GeneratedResource-ge14492" tableModifiedTimeStamp="2024-09-07T23:03:11.324Z">
            <columns>
                <column dataType="double" format="BEST." label="Linear Predictor" xref="_PREDLOG_"/>
                <column dataType="double" format="$." label="Event Predicted" xref="_INTOLOG_"/>
                <column dataType="double" format="BEST." label="Residual" xref="_RESID_"/>
                <column dataType="double" format="BEST." label="Likelihood Displacement" xref="_LIKEDIST_"/>
                <column dataType="double" format="BEST." label="Pearson Residual" xref="_PEARSON_"/>
                <column dataType="double" format="BEST." label="Deviance Residual" xref="_DEVRESID_"/>
                <column dataType="double" format="BEST." label="Standardized Pearson Residual" xref="_STDRESCHI_"/>
                <column dataType="double" format="BEST." label="CBAR" xref="_CBAR_"/>
                <column dataType="double" format="BEST." label="Deviance Change" xref="_DIFDEV_"/>
                <column dataType="double" format="BEST." label="Pearson Change" xref="_DIFCHISQ_"/>
                <column dataType="double" format="BEST." label="Predicted Probability" xref="_ILINKLOG_"/>
                <column dataType="double" format="COMMA20." label="Model Fit Role column" xref="_FITROLE_"/>
            </columns>
        </table>
        <table dataLocale="en_US" dataSources="ds39805" resourceIdentifier="'cas-shared-default','CASUSER(23012096@massey.ac.nz)','FH-A1SEG-MINER_TRAIN','en_US'" tableModifiedTimeStamp="2024-09-09T10:34:35.602Z">
            <columns>
                <column dataType="double" format="BEST12." label="fcdealbank" xref="fcdealbank"/>
                <column dataType="double" format="BEST12." label="fcbalspend" xref="fcbalspend"/>
                <column dataType="double" format="BEST12." label="fcconffd" xref="fcconffd"/>
                <column dataType="double" format="BEST12." label="fcgooddfm" xref="fcgooddfm"/>
                <column dataType="double" format="BEST12." label="fcemergsav" xref="fcemergsav"/>
                <column dataType="double" format="BEST12." label="fcfingoal" xref="fcfingoal"/>
                <column dataType="double" format="BEST12." label="fcorganmm" xref="fcorganmm"/>
                <column dataType="double" format="BEST12." label="fcfincontract" xref="fcfincontract"/>
                <column dataType="double" format="BEST12." label="fcfinwatch" xref="fcfinwatch"/>
                <column dataType="double" format="BEST12." label="fincapscore" xref="fincapscore"/>
                <column dataType="double" format="BEST12." label="fincapscoresum" xref="fincapscoresum"/>
                <column dataType="double" format="BEST12." label="finbillnpaid" xref="finbillnpaid"/>
                <column dataType="double" format="BEST12." label="finaskhelp" xref="finaskhelp"/>
                <column dataType="double" format="BEST12." label="finrentmornpaid" xref="finrentmornpaid"/>
                <column dataType="double" format="BEST12." label="finsoldpawn" xref="finsoldpawn"/>
                <column dataType="double" format="BEST12." label="finnoheat" xref="finnoheat"/>
                <column dataType="double" format="BEST12." label="finwwithoutfood" xref="finwwithoutfood"/>
                <column dataType="double" format="BEST12." label="finwelfarehelp" xref="finwelfarehelp"/>
                <column dataType="double" format="BEST12." label="fhardship" xref="fhardship"/>
                <column dataType="double" format="BEST12." label="gamborrowed" xref="gamborrowed"/>
                <column dataType="double" format="BEST12." label="gamcriticize" xref="gamcriticize"/>
                <column dataType="double" format="BEST12." label="gamfindif" xref="gamfindif"/>
                <column dataType="double" format="BEST12." label="gamguilt" xref="gamguilt"/>
                <column dataType="double" format="BEST12." label="gamhealthprob" xref="gamhealthprob"/>
                <column dataType="double" format="BEST12." label="gamnotafford" xref="gamnotafford"/>
                <column dataType="double" format="BEST12." label="age" xref="age"/>
                <column dataType="double" format="BEST12." label="employed" xref="employed"/>
                <column dataType="double" format="BEST12." label="incomepos" xref="incomepos"/>
                <column dataType="double" format="BEST12." label="married" xref="married"/>
                <column dataType="double" format="BEST12." label="highestedu" xref="highestedu"/>
                <column dataType="double" format="BEST12." label="ownhome" xref="ownhome"/>
                <column dataType="double" format="BEST12." label="leastfincap" xref="leastfincap"/>
                <column dataType="double" format="BEST12." label="gaharm" xref="gaharm"/>
                <column dataType="double" format="BEST12." label="_SEGMENT_" xref="_SEGMENT_"/>
            </columns>
        </table>
        <table dataLocale="en_US" dataSources="ds53723" resourceIdentifier="GeneratedResource-ge53114" tableModifiedTimeStamp="2024-09-09T10:34:35.602Z">
            <columns>
                <column dataType="double" format="BEST." label="Linear Predictor" xref="_PREDLOG_"/>
                <column dataType="double" format="$." label="Event Predicted" xref="_INTOLOG_"/>
                <column dataType="double" format="BEST." label="Residual" xref="_RESID_"/>
                <column dataType="double" format="BEST." label="Likelihood Displacement" xref="_LIKEDIST_"/>
                <column dataType="double" format="BEST." label="Pearson Residual" xref="_PEARSON_"/>
                <column dataType="double" format="BEST." label="Deviance Residual" xref="_DEVRESID_"/>
                <column dataType="double" format="BEST." label="Standardized Pearson Residual" xref="_STDRESCHI_"/>
                <column dataType="double" format="BEST." label="CBAR" xref="_CBAR_"/>
                <column dataType="double" format="BEST." label="Deviance Change" xref="_DIFDEV_"/>
                <column dataType="double" format="BEST." label="Pearson Change" xref="_DIFCHISQ_"/>
                <column dataType="double" format="BEST." label="Predicted Probability" xref="_ILINKLOG_"/>
                <column dataType="double" format="COMMA20." label="Model Fit Role column" xref="_FITROLE_"/>
            </columns>
        </table>
    </tables>
    <version>2</version>
</metadataSupplement>
