<?xml version="1.0" encoding="UTF-8" standalone="yes"?>
<reportPackage>
    <dataLevel>offline</dataLevel>
    <files>
        <file contentKey="LS7VBJIPS7M3XB2H4EUF5UJ2W3KUKL3A" name="report" type="report">
            <links>
                <link href="/report.xml" method="GET" rel="content" type="application/vnd.sas.report.content" uri="/report.xml"/>
            </links>
        </file>
        <file contentKey="PYAJ5AHXYL7L6K4XEUB675ISL4UF7J6J" name="basems1.css" type="css">
            <links>
                <link href="/css/basems1.css" method="GET" rel="content" type="text/css" uri="/css/basems1.css"/>
            </links>
        </file>
        <file contentKey="S3WOSG6IXHBBTQ74YOEKYOBYNKQI6ZST" name="highcontrast.css" type="css">
            <links>
                <link href="/css/highcontrast.css" method="GET" rel="content" type="text/css" uri="/css/highcontrast.css"/>
            </links>
        </file>
        <file contentKey="JPPVJ4QWKG4JV3WLZLNHVOJQZJPPEMKR" name="ms1.css" type="css">
            <links>
                <link href="/css/ms1.css" method="GET" rel="content" type="text/css" uri="/css/ms1.css"/>
            </links>
        </file>
        <file contentKey="FPON73IA6GY5XP5QHLI4HBUYXIBZDMPS" name="dd16876.csv" type="data">
            <links>
                <link href="/data/dd16876.csv" method="GET" rel="content" type="text/csv" uri="/data/dd16876.csv"/>
            </links>
        </file>
        <file contentKey="RFCTGRHGI57IJELJMZOF5JTCX3H5ZYTP" name="dd16876index.csv" type="data">
            <links>
                <link href="/data/dd16876index.csv" method="GET" rel="content" type="text/csv" uri="/data/dd16876index.csv"/>
            </links>
        </file>
        <file contentKey="YW2LPIAADN7R6LVXLQL65COL6QEECWOP" name="dd4404.csv" type="data">
            <links>
                <link href="/data/dd4404.csv" method="GET" rel="content" type="text/csv" uri="/data/dd4404.csv"/>
            </links>
        </file>
        <file contentKey="7O2WNDAFPIJJJP7SQLA6YNVEGG4WEZMH" name="dd4442.csv" type="data">
            <links>
                <link href="/data/dd4442.csv" method="GET" rel="content" type="text/csv" uri="/data/dd4442.csv"/>
            </links>
        </file>
        <file contentKey="DUM54VZG3FY2X3R6WOAITPYQK377XS5F" name="dd4443.csv" type="data">
            <links>
                <link href="/data/dd4443.csv" method="GET" rel="content" type="text/csv" uri="/data/dd4443.csv"/>
            </links>
        </file>
        <file contentKey="HKL3ZH4U5TBSU672FN3BFELTA4CYKRB7" name="dd4444.csv" type="data">
            <links>
                <link href="/data/dd4444.csv" method="GET" rel="content" type="text/csv" uri="/data/dd4444.csv"/>
            </links>
        </file>
        <file contentKey="NMABUN3KKH3F6QZ6X664YO52HMXFJACV" name="dd4447.csv" type="data">
            <links>
                <link href="/data/dd4447.csv" method="GET" rel="content" type="text/csv" uri="/data/dd4447.csv"/>
            </links>
        </file>
        <file contentKey="R3HVE3NJXV26EKWKLCS6VKL6QKPYZE33" name="dd4448.csv" type="data">
            <links>
                <link href="/data/dd4448.csv" method="GET" rel="content" type="text/csv" uri="/data/dd4448.csv"/>
            </links>
        </file>
        <file contentKey="IEQH6UURCCUPVP4AA273KHK4KKQEV6NQ" name="dd4449.csv" type="data">
            <links>
                <link href="/data/dd4449.csv" method="GET" rel="content" type="text/csv" uri="/data/dd4449.csv"/>
            </links>
        </file>
        <file contentKey="HPCDKRZZXLNPEF3M2WWDYIHWVQZWQYYY" name="dd4450.csv" type="data">
            <links>
                <link href="/data/dd4450.csv" method="GET" rel="content" type="text/csv" uri="/data/dd4450.csv"/>
            </links>
        </file>
        <file contentKey="K5YKNE7CY4IYRQGDURS473LDXYL5MLXL" name="dd4341.csv" type="data">
            <links>
                <link href="/data/dd4341.csv" method="GET" rel="content" type="text/csv" uri="/data/dd4341.csv"/>
            </links>
        </file>
        <file contentKey="CRZ2SUNVUFRQNG3OUTQSKPR2IYGUZFRM" name="dd4317.csv" type="data">
            <links>
                <link href="/data/dd4317.csv" method="GET" rel="content" type="text/csv" uri="/data/dd4317.csv"/>
            </links>
        </file>
        <file contentKey="BI5HPQS5WASYU6ENNI5XK2MNGVY3XWVT" name="dd4317index.csv" type="data">
            <links>
                <link href="/data/dd4317index.csv" method="GET" rel="content" type="text/csv" uri="/data/dd4317index.csv"/>
            </links>
        </file>
        <file contentKey="FJ4ZIP3B4ARCCTCZKOM7LFQMAOSS7QCL" name="dd15949.csv" type="data">
            <links>
                <link href="/data/dd15949.csv" method="GET" rel="content" type="text/csv" uri="/data/dd15949.csv"/>
            </links>
        </file>
        <file contentKey="2RZTJJMAONL6E4KRM5EO2JFGMPEC6LVP" name="dd15950.csv" type="data">
            <links>
                <link href="/data/dd15950.csv" method="GET" rel="content" type="text/csv" uri="/data/dd15950.csv"/>
            </links>
        </file>
        <file contentKey="SK7FZ4LHR4E37FUUKJUJWXLRIBJOC5BI" name="dd15951.csv" type="data">
            <links>
                <link href="/data/dd15951.csv" method="GET" rel="content" type="text/csv" uri="/data/dd15951.csv"/>
            </links>
        </file>
        <file contentKey="UHFL3JCA5KHJL2PHMPPFSVTFASVLDN7N" name="dd15955.csv" type="data">
            <links>
                <link href="/data/dd15955.csv" method="GET" rel="content" type="text/csv" uri="/data/dd15955.csv"/>
            </links>
        </file>
        <file contentKey="TJCFL7LINTNTEIGL5GCWRGHQR43FZVM3" name="dd15957.csv" type="data">
            <links>
                <link href="/data/dd15957.csv" method="GET" rel="content" type="text/csv" uri="/data/dd15957.csv"/>
            </links>
        </file>
        <file contentKey="4TWDQGSXIYGHNKIYNOQ4DB4OPA47LE5J" name="dd15923.csv" type="data">
            <links>
                <link href="/data/dd15923.csv" method="GET" rel="content" type="text/csv" uri="/data/dd15923.csv"/>
            </links>
        </file>
        <file contentKey="THWOTEJM4NKVKVPOELSTK4HYMBP2EKDO" name="dd15540.csv" type="data">
            <links>
                <link href="/data/dd15540.csv" method="GET" rel="content" type="text/csv" uri="/data/dd15540.csv"/>
            </links>
        </file>
        <file contentKey="LV2ISJ7PX5JP2GXWM22QCUUFBDR45QI7" name="dd9813.csv" type="data">
            <links>
                <link href="/data/dd9813.csv" method="GET" rel="content" type="text/csv" uri="/data/dd9813.csv"/>
            </links>
        </file>
        <file contentKey="Y4WT7VGIGQVTANFG22OOW57IJZXJY7EO" name="dd3752.csv" type="data">
            <links>
                <link href="/data/dd3752.csv" method="GET" rel="content" type="text/csv" uri="/data/dd3752.csv"/>
            </links>
        </file>
        <file contentKey="VDM43SS4JTC5ENRAXG7MQWNWGKEPLER6" name="dd2042.csv" type="data">
            <links>
                <link href="/data/dd2042.csv" method="GET" rel="content" type="text/csv" uri="/data/dd2042.csv"/>
            </links>
        </file>
        <file contentKey="2WCN2SO7TJWXHUBYYOYWGFLPR3FTNZVY" name="dd2043.csv" type="data">
            <links>
                <link href="/data/dd2043.csv" method="GET" rel="content" type="text/csv" uri="/data/dd2043.csv"/>
            </links>
        </file>
        <file contentKey="GCO3W2SBPGQLEHRBIVCQO2SNTIZWWGNP" name="dd2044.csv" type="data">
            <links>
                <link href="/data/dd2044.csv" method="GET" rel="content" type="text/csv" uri="/data/dd2044.csv"/>
            </links>
        </file>
        <file contentKey="ECWV2XCRIKC5HVQD5CJFTQJVDMRPI3AX" name="dd2045.csv" type="data">
            <links>
                <link href="/data/dd2045.csv" method="GET" rel="content" type="text/csv" uri="/data/dd2045.csv"/>
            </links>
        </file>
        <file contentKey="T7UD7747ORNWY2TV7LAATQ4BERWLDHER" name="dd2139.csv" type="data">
            <links>
                <link href="/data/dd2139.csv" method="GET" rel="content" type="text/csv" uri="/data/dd2139.csv"/>
            </links>
        </file>
        <file contentKey="4MFC5IONL7LVV4BGA224BYVNO5J7A3NV" name="dd2140.csv" type="data">
            <links>
                <link href="/data/dd2140.csv" method="GET" rel="content" type="text/csv" uri="/data/dd2140.csv"/>
            </links>
        </file>
        <file contentKey="URQDWXYRG2E37DOYKN3TSAL3YQ7GCUI4" name="dd2141.csv" type="data">
            <links>
                <link href="/data/dd2141.csv" method="GET" rel="content" type="text/csv" uri="/data/dd2141.csv"/>
            </links>
        </file>
        <file contentKey="WSMMNQQFEJ4VZ5QUNZWISZ6VGPI3CFBP" name="dd2142.csv" type="data">
            <links>
                <link href="/data/dd2142.csv" method="GET" rel="content" type="text/csv" uri="/data/dd2142.csv"/>
            </links>
        </file>
        <file contentKey="IAJYPGZZR6ZC667EEMQ3Y4RXAK6BMFJB" name="dd2143.csv" type="data">
            <links>
                <link href="/data/dd2143.csv" method="GET" rel="content" type="text/csv" uri="/data/dd2143.csv"/>
            </links>
        </file>
        <file contentKey="WWXAWC3GDX6WEQHZE3ZKTOZVWFGR4IIU" name="dd1999.csv" type="data">
            <links>
                <link href="/data/dd1999.csv" method="GET" rel="content" type="text/csv" uri="/data/dd1999.csv"/>
            </links>
        </file>
        <file contentKey="K7ZKRBYMO6NQDWUD57AXJMI4WBFDT5BG" name="dd2037.csv" type="data">
            <links>
                <link href="/data/dd2037.csv" method="GET" rel="content" type="text/csv" uri="/data/dd2037.csv"/>
            </links>
        </file>
        <file contentKey="A6I5QS35NJKZ4EOGH5KRZQ2ZC6MIRU7N" name="dd2038.csv" type="data">
            <links>
                <link href="/data/dd2038.csv" method="GET" rel="content" type="text/csv" uri="/data/dd2038.csv"/>
            </links>
        </file>
        <file contentKey="3U72GFI53IQBUAUED436XVREL5ARK4LG" name="dd2039.csv" type="data">
            <links>
                <link href="/data/dd2039.csv" method="GET" rel="content" type="text/csv" uri="/data/dd2039.csv"/>
            </links>
        </file>
        <file contentKey="OCJ6UZ6JIASV6COW4RI3R7SCYRKI5ZTI" name="dd2040.csv" type="data">
            <links>
                <link href="/data/dd2040.csv" method="GET" rel="content" type="text/csv" uri="/data/dd2040.csv"/>
            </links>
        </file>
        <file contentKey="HDAUQYPR3H5LAJGUK23XQQSFGBAR6TQN" name="dd2041.csv" type="data">
            <links>
                <link href="/data/dd2041.csv" method="GET" rel="content" type="text/csv" uri="/data/dd2041.csv"/>
            </links>
        </file>
        <file contentKey="XMFWDUTK5XBHOYU4AA5RINOLLUN24G4V" name="dd1949.csv" type="data">
            <links>
                <link href="/data/dd1949.csv" method="GET" rel="content" type="text/csv" uri="/data/dd1949.csv"/>
            </links>
        </file>
        <file contentKey="6ECTKWEXRLPYCGXIJ2VNDMP5J3VAOEN2" name="dd15250.csv" type="data">
            <links>
                <link href="/data/dd15250.csv" method="GET" rel="content" type="text/csv" uri="/data/dd15250.csv"/>
            </links>
        </file>
        <file contentKey="6PUCTLZMXQFPB66EZ7RUTMZZ5A2FTQIM" name="dd15229.csv" type="data">
            <links>
                <link href="/data/dd15229.csv" method="GET" rel="content" type="text/csv" uri="/data/dd15229.csv"/>
            </links>
        </file>
        <file contentKey="FL2WRW3SHERNET4ZQ7ILD2OFTPLO5WUM" name="dd2604.csv" type="data">
            <links>
                <link href="/data/dd2604.csv" method="GET" rel="content" type="text/csv" uri="/data/dd2604.csv"/>
            </links>
        </file>
        <file contentKey="MBVAL2ELWDEV2EIDGW7WYOOLC3OVWYJO" name="dd2605.csv" type="data">
            <links>
                <link href="/data/dd2605.csv" method="GET" rel="content" type="text/csv" uri="/data/dd2605.csv"/>
            </links>
        </file>
        <file contentKey="JPW36L5XDW4T2HO2EDRN4HWNZZUJUWGW" name="dd2606.csv" type="data">
            <links>
                <link href="/data/dd2606.csv" method="GET" rel="content" type="text/csv" uri="/data/dd2606.csv"/>
            </links>
        </file>
        <file contentKey="ICRPUNRCSQLLBEGLBCEHYQKATXAO6ILD" name="dd2610.csv" type="data">
            <links>
                <link href="/data/dd2610.csv" method="GET" rel="content" type="text/csv" uri="/data/dd2610.csv"/>
            </links>
        </file>
        <file contentKey="Y4UHBD4MQDSJXWHEWP2C7H7JK5L7BIMH" name="dd2611.csv" type="data">
            <links>
                <link href="/data/dd2611.csv" method="GET" rel="content" type="text/csv" uri="/data/dd2611.csv"/>
            </links>
        </file>
        <file contentKey="IM77WXYP5GDJLPTQ4MLCWTRV7SYLEHKD" name="dd2612.csv" type="data">
            <links>
                <link href="/data/dd2612.csv" method="GET" rel="content" type="text/csv" uri="/data/dd2612.csv"/>
            </links>
        </file>
        <file contentKey="A26IV5RFTUWVP7VY6FW3F2I2UAAY6J5Y" name="dd2516.csv" type="data">
            <links>
                <link href="/data/dd2516.csv" method="GET" rel="content" type="text/csv" uri="/data/dd2516.csv"/>
            </links>
        </file>
        <file contentKey="HLA4DWK4VLYBPPAODBNKJKB3I6QCQWKA" name="dd2493.csv" type="data">
            <links>
                <link href="/data/dd2493.csv" method="GET" rel="content" type="text/csv" uri="/data/dd2493.csv"/>
            </links>
        </file>
        <file contentKey="MGA5CBKMRRYHL3T7O2DS3SOBUK5RVLAT" name="dd47986.csv" type="data">
            <links>
                <link href="/data/dd47986.csv" method="GET" rel="content" type="text/csv" uri="/data/dd47986.csv"/>
            </links>
        </file>
        <file contentKey="SF4RYDVC6OQ26XJYDAUGVFTXUEXINHYL" name="dd18221.csv" type="data">
            <links>
                <link href="/data/dd18221.csv" method="GET" rel="content" type="text/csv" uri="/data/dd18221.csv"/>
            </links>
        </file>
        <file contentKey="O2BWXPDWU2OUGOU2JZVXA3JNEDKI3ALK" name="dd18221index.csv" type="data">
            <links>
                <link href="/data/dd18221index.csv" method="GET" rel="content" type="text/csv" uri="/data/dd18221index.csv"/>
            </links>
        </file>
        <file contentKey="G2B2FFZNEFCZHX3R7MZIPLK4AGEWSKIP" name="dd15044.csv" type="data">
            <links>
                <link href="/data/dd15044.csv" method="GET" rel="content" type="text/csv" uri="/data/dd15044.csv"/>
            </links>
        </file>
        <file contentKey="TR2YHDVPBAOAV2IQMCRXG6T5WLJOOT5K" name="dd15044index.csv" type="data">
            <links>
                <link href="/data/dd15044index.csv" method="GET" rel="content" type="text/csv" uri="/data/dd15044index.csv"/>
            </links>
        </file>
        <file contentKey="KVROBGVPVVWDGMLWOT4C24DSDSTP22UM" name="dd15052.csv" type="data">
            <links>
                <link href="/data/dd15052.csv" method="GET" rel="content" type="text/csv" uri="/data/dd15052.csv"/>
            </links>
        </file>
        <file contentKey="WFUY5D3F6JYC7JJXRSYJ2472UQL6AZR2" name="dd15052index.csv" type="data">
            <links>
                <link href="/data/dd15052index.csv" method="GET" rel="content" type="text/csv" uri="/data/dd15052index.csv"/>
            </links>
        </file>
        <file contentKey="NC3O4O43TADWX5XKYZ5BLOUHRH7K36V4" name="dd15053.csv" type="data">
            <links>
                <link href="/data/dd15053.csv" method="GET" rel="content" type="text/csv" uri="/data/dd15053.csv"/>
            </links>
        </file>
        <file contentKey="BIDHRC5JIW32BUWHQIBP7M4SKUARPARV" name="dd55611.csv" type="data">
            <links>
                <link href="/data/dd55611.csv" method="GET" rel="content" type="text/csv" uri="/data/dd55611.csv"/>
            </links>
        </file>
        <file contentKey="ZWPH4CAX7YNJMX5CGKCPF2NBVFJ7X77U" name="dd53666.csv" type="data">
            <links>
                <link href="/data/dd53666.csv" method="GET" rel="content" type="text/csv" uri="/data/dd53666.csv"/>
            </links>
        </file>
        <file contentKey="TR2YHDVPBAOAV2IQMCRXG6T5WLJOOT5K" name="dd53666index.csv" type="data">
            <links>
                <link href="/data/dd53666index.csv" method="GET" rel="content" type="text/csv" uri="/data/dd53666index.csv"/>
            </links>
        </file>
        <file contentKey="KVROBGVPVVWDGMLWOT4C24DSDSTP22UM" name="dd53674.csv" type="data">
            <links>
                <link href="/data/dd53674.csv" method="GET" rel="content" type="text/csv" uri="/data/dd53674.csv"/>
            </links>
        </file>
        <file contentKey="JVOZVIK6BPK5NTSI4CT7LGGT5XPTD7MU" name="dd53674index.csv" type="data">
            <links>
                <link href="/data/dd53674index.csv" method="GET" rel="content" type="text/csv" uri="/data/dd53674index.csv"/>
            </links>
        </file>
        <file contentKey="KKKYV5U7TEGZSWLUZ7Q4UL2V5C2ETATC" name="dd53675.csv" type="data">
            <links>
                <link href="/data/dd53675.csv" method="GET" rel="content" type="text/csv" uri="/data/dd53675.csv"/>
            </links>
        </file>
        <file contentKey="6QAV2D5FGV3CQ4RKDNR2CJA7OBSEVSXH" name="dd2256.csv" type="data">
            <links>
                <link href="/data/dd2256.csv" method="GET" rel="content" type="text/csv" uri="/data/dd2256.csv"/>
            </links>
        </file>
        <file contentKey="D3E4JFNQH4VZGUH7EF443LEXKR3KONLS" name="metadataSupplement" type="resource">
            <links>
                <link href="/metadataSupplement.xml" method="GET" rel="content" type="application/vnd.sas.report.metadata.supplement" uri="/metadataSupplement.xml"/>
            </links>
        </file>
        <file contentKey="7U7LTGBTRPCDYY2AAV67EZ3KYXCWYAWE" name="packageStatusReport.txt" type="status">
            <links>
                <link href="/packageStatusReport.txt" method="GET" rel="content" type="text/plain" uri="/packageStatusReport.txt"/>
            </links>
        </file>
        <file contentKey="TXOS452EYKVLJGO5KIQO7RUJ3XWWXMJZ" name="index.html" type="html">
            <links>
                <link href="/index.html" method="GET" rel="content" type="text/html" uri="/index.html"/>
            </links>
        </file>
        <file contentKey="PU652XW7LYKAASF75XLSZDZV24YOD43C" name="packageIndex.html" type="html">
            <links>
                <link href="/packageIndex.html" method="GET" rel="content" type="text/html" uri="/packageIndex.html"/>
            </links>
        </file>
        <file contentKey="AG7ZP56V5Y3ZTOA4TSLIDTZ6X6OW73NS" name="viyafonts.css" type="css">
            <links>
                <link href="/css/viyafonts.css" method="GET" rel="content" type="text/css" uri="/css/viyafonts.css"/>
            </links>
        </file>
        <file contentKey="GWBEY45BDPJKVXB6NDWN3DRW54INU6VG" name="settings" type="resource">
            <links>
                <link href="/settings.json" method="GET" rel="content" type="application/vnd.sas.attributes" uri="/settings.json"/>
            </links>
        </file>
    </files>
    <formatLocale>en-US</formatLocale>
    <generatedTimeStamp>2024-09-11T09:21:05.624Z</generatedTimeStamp>
    <id>o_ec2e37a5-ef1f-4fc5-81a5-d908cf770004</id>
    <links>
        <link href="/reportPackages/packages/o_ec2e37a5-ef1f-4fc5-81a5-d908cf770004" method="GET" rel="self" type="application/vnd.sas.report.package" uri="/reportPackages/packages/o_ec2e37a5-ef1f-4fc5-81a5-d908cf770004"/>
        <link href="/reportData/results?reportContentKey=NRP2LWMPZUK6CDXTQXDNK4SKHYHT7H72&amp;reportUri=%2Freports%2Freports%2Ff937846a-d038-43d6-a478-6fbe7c23ef81&amp;reportDate=2024-09-11T09%3A21%3A05.624Z" method="POST" rel="requery" responseType="application/vnd.sas.report.results" type="application/vnd.sas.report.query.state" uri="/reportData/results?reportContentKey=NRP2LWMPZUK6CDXTQXDNK4SKHYHT7H72&amp;reportUri=%2Freports%2Freports%2Ff937846a-d038-43d6-a478-6fbe7c23ef81&amp;reportDate=2024-09-11T09%3A21%3A05.624Z"/>
        <link href="/reportData/jobs?reportContentKey=NRP2LWMPZUK6CDXTQXDNK4SKHYHT7H72&amp;reportUri=%2Freports%2Freports%2Ff937846a-d038-43d6-a478-6fbe7c23ef81&amp;reportDate=2024-09-11T09%3A21%3A05.624Z" method="POST" rel="requeryJob" responseType="application/vnd.sas.report.data.job" type="application/vnd.sas.report.query.state" uri="/reportData/jobs?reportContentKey=NRP2LWMPZUK6CDXTQXDNK4SKHYHT7H72&amp;reportUri=%2Freports%2Freports%2Ff937846a-d038-43d6-a478-6fbe7c23ef81&amp;reportDate=2024-09-11T09%3A21%3A05.624Z"/>
    </links>
    <locale>en-US</locale>
    <modifiedTimeStamp>2024-09-11T09:15:08.908Z</modifiedTimeStamp>
    <size>3500908</size>
    <source>/reports/reports/f937846a-d038-43d6-a478-6fbe7c23ef81</source>
    <version>44</version>
    <warnings>result,limitedInteractivity</warnings>
</reportPackage>
